feedback_id,user_id,submit_time,feature_name,rating,category,sentiment,comment
F0001,U143,2026-06-27 09:03:00,Search,5,Positive,Positive,Works great.
F0002,U039,2026-06-06 22:43:00,Report,3,Bug,Neutral,Unexpected behavior.
F0003,U102,2026-06-17 13:55:00,Search,5,UI,Positive,Easy to use.
F0004,U141,2026-06-03 11:17:00,Chat,3,Slow,Neutral,Loading is slow.
F0005,U156,2026-06-23 06:03:00,Search,5,Positive,Positive,Works great.
F0006,U133,2026-06-22 04:33:00,Report,4,Bug,Positive,Unexpected behavior.
F0007,U171,2026-06-17 22:32:00,Dashboard,2,UI,Negative,Easy to use.
F0008,U137,2026-06-30 00:14:00,Dashboard,3,Slow,Neutral,Loading is slow.
F0009,U052,2026-06-02 20:10:00,Dashboard,3,Slow,Neutral,Loading is slow.
F0010,U100,2026-06-11 18:05:00,Search,4,Feature Request,Positive,Please add more options.
F0011,U118,2026-06-05 23:34:00,Chat,4,UI,Positive,Easy to use.
F0012,U054,2026-06-08 10:02:00,Search,4,Feature Request,Positive,Please add more options.
F0013,U165,2026-06-07 18:58:00,Report,3,Bug,Neutral,Unexpected behavior.
F0014,U192,2026-06-27 17:01:00,Chat,3,Slow,Neutral,Loading is slow.
F0015,U189,2026-06-30 18:04:00,Dashboard,3,Slow,Neutral,Loading is slow.
F0016,U002,2026-06-09 22:26:00,Dashboard,3,Slow,Neutral,Loading is slow.
F0017,U024,2026-06-23 17:59:00,Chat,4,UI,Positive,Easy to use.
F0018,U013,2026-06-19 02:31:00,Chat,4,Accuracy,Positive,Answers are inaccurate.
F0019,U105,2026-06-21 22:49:00,Chat,4,Slow,Positive,Loading is slow.
F0020,U030,2026-06-03 10:26:00,Dashboard,3,Slow,Neutral,Loading is slow.
F0021,U027,2026-06-19 07:51:00,Chat,4,Slow,Positive,Loading is slow.
F0022,U159,2026-06-06 12:07:00,Search,5,Positive,Positive,Works great.
F0023,U195,2026-06-25 01:58:00,Chat,3,Accuracy,Neutral,Answers are inaccurate.
F0024,U192,2026-06-29 08:27:00,Dashboard,2,Slow,Negative,Loading is slow.
F0025,U054,2026-06-16 08:26:00,Chat,3,Accuracy,Neutral,Answers are inaccurate.
F0026,U167,2026-06-21 17:21:00,Dashboard,3,Slow,Neutral,Loading is slow.
F0027,U046,2026-06-13 20:04:00,Report,3,Slow,Neutral,Loading is slow.
F0028,U175,2026-06-26 09:54:00,Search,4,Positive,Positive,Works great.
F0029,U171,2026-06-27 05:36:00,Dashboard,4,Slow,Positive,Loading is slow.
F0030,U074,2026-06-28 03:20:00,Dashboard,2,Slow,Negative,Loading is slow.
F0031,U090,2026-06-17 16:33:00,Dashboard,3,Slow,Neutral,Loading is slow.
F0032,U190,2026-06-04 00:06:00,Chat,3,UI,Neutral,Easy to use.
F0033,U153,2026-06-26 21:21:00,Chat,4,Accuracy,Positive,Answers are inaccurate.
F0034,U128,2026-06-27 13:17:00,Dashboard,2,UI,Negative,Easy to use.
F0035,U071,2026-06-07 10:58:00,Report,3,Slow,Neutral,Loading is slow.
F0036,U084,2026-06-26 00:24:00,Search,5,Feature Request,Positive,Please add more options.
F0037,U067,2026-06-02 05:32:00,Dashboard,3,Slow,Neutral,Loading is slow.
F0038,U007,2026-06-08 02:34:00,Report,3,Slow,Neutral,Loading is slow.
F0039,U042,2026-06-28 22:55:00,Search,5,Positive,Positive,Works great.
F0040,U016,2026-06-13 15:34:00,Dashboard,3,Slow,Neutral,Loading is slow.
F0041,U111,2026-06-04 21:15:00,Search,4,UI,Positive,Easy to use.
F0042,U059,2026-06-19 18:23:00,Dashboard,3,Slow,Neutral,Loading is slow.
F0043,U088,2026-06-05 20:54:00,Search,4,Feature Request,Positive,Please add more options.
F0044,U176,2026-06-08 05:13:00,Dashboard,3,Bug,Neutral,Unexpected behavior.
F0045,U064,2026-06-02 11:22:00,Chat,3,Accuracy,Neutral,Answers are inaccurate.
F0046,U104,2026-06-17 12:41:00,Search,4,Positive,Positive,Works great.
F0047,U160,2026-06-15 00:42:00,Export,4,Feature Request,Positive,Please add more options.
F0048,U096,2026-06-16 20:08:00,Search,5,Positive,Positive,Works great.
F0049,U036,2026-06-05 20:14:00,Search,5,Feature Request,Positive,Please add more options.
F0050,U001,2026-06-20 18:14:00,Report,3,Timeout,Neutral,Report timed out.
F0051,U032,2026-06-24 09:37:00,Search,5,Positive,Positive,Works great.
F0052,U142,2026-06-19 18:38:00,Search,4,Positive,Positive,Works great.
F0053,U042,2026-06-23 06:06:00,Search,5,Positive,Positive,Works great.
F0054,U133,2026-06-01 14:20:00,Dashboard,4,Slow,Positive,Loading is slow.
F0055,U008,2026-06-27 23:26:00,Search,5,UI,Positive,Easy to use.
F0056,U181,2026-06-16 14:20:00,Report,3,Timeout,Neutral,Report timed out.
F0057,U064,2026-06-05 15:02:00,Search,4,Positive,Positive,Works great.
F0058,U021,2026-06-16 02:47:00,Search,5,UI,Positive,Easy to use.
F0059,U126,2026-06-13 12:58:00,Export,4,Feature Request,Positive,Please add more options.
F0060,U030,2026-06-08 23:07:00,Search,5,Feature Request,Positive,Please add more options.
F0061,U136,2026-06-25 04:44:00,Chat,3,Accuracy,Neutral,Answers are inaccurate.
F0062,U153,2026-06-20 13:06:00,Chat,3,Accuracy,Neutral,Answers are inaccurate.
F0063,U172,2026-06-10 01:19:00,Search,5,Positive,Positive,Works great.
F0064,U104,2026-06-28 14:57:00,Report,3,Slow,Neutral,Loading is slow.
F0065,U101,2026-06-20 21:50:00,Search,5,Feature Request,Positive,Please add more options.
F0066,U150,2026-06-17 01:49:00,Dashboard,2,Slow,Negative,Loading is slow.
F0067,U009,2026-06-01 20:43:00,Search,5,Positive,Positive,Works great.
F0068,U109,2026-06-19 21:04:00,Search,5,Positive,Positive,Works great.
F0069,U030,2026-06-04 02:04:00,Search,5,Feature Request,Positive,Please add more options.
F0070,U032,2026-06-22 06:28:00,Search,5,Positive,Positive,Works great.
F0071,U140,2026-06-11 17:43:00,Report,3,Timeout,Neutral,Report timed out.
F0072,U194,2026-06-26 14:51:00,Chat,3,Accuracy,Neutral,Answers are inaccurate.
F0073,U064,2026-06-15 08:06:00,Chat,3,Slow,Neutral,Loading is slow.
F0074,U045,2026-06-15 09:53:00,Chat,3,Slow,Neutral,Loading is slow.
F0075,U166,2026-06-14 13:05:00,Search,4,UI,Positive,Easy to use.
F0076,U156,2026-06-18 23:26:00,Report,3,Slow,Neutral,Loading is slow.
F0077,U152,2026-06-22 01:59:00,Dashboard,3,Slow,Neutral,Loading is slow.
F0078,U098,2026-06-19 20:49:00,Dashboard,3,Slow,Neutral,Loading is slow.
F0079,U039,2026-06-05 12:45:00,Chat,4,Slow,Positive,Loading is slow.
F0080,U125,2026-06-03 05:38:00,Search,5,Positive,Positive,Works great.
F0081,U112,2026-06-15 16:03:00,Dashboard,3,Slow,Neutral,Loading is slow.
F0082,U172,2026-06-24 10:56:00,Search,5,UI,Positive,Easy to use.
F0083,U115,2026-06-28 18:52:00,Chat,3,Accuracy,Neutral,Answers are inaccurate.
F0084,U043,2026-06-13 00:28:00,Report,3,Timeout,Neutral,Report timed out.
F0085,U120,2026-06-10 18:07:00,Report,4,Slow,Positive,Loading is slow.
F0086,U044,2026-06-25 14:25:00,Search,5,Positive,Positive,Works great.
F0087,U162,2026-06-02 05:57:00,Search,5,Positive,Positive,Works great.
F0088,U140,2026-06-05 07:51:00,Report,3,Bug,Neutral,Unexpected behavior.
F0089,U147,2026-06-28 23:58:00,Report,3,Slow,Neutral,Loading is slow.
F0090,U115,2026-06-27 14:39:00,Dashboard,4,Slow,Positive,Loading is slow.
F0091,U188,2026-06-02 00:28:00,Report,4,Slow,Positive,Loading is slow.
F0092,U075,2026-06-27 17:52:00,Report,4,Bug,Positive,Unexpected behavior.
F0093,U103,2026-06-25 21:03:00,Report,4,Bug,Positive,Unexpected behavior.
F0094,U042,2026-06-07 06:59:00,Report,2,Timeout,Negative,Report timed out.
F0095,U189,2026-06-24 08:29:00,Chat,4,Accuracy,Positive,Answers are inaccurate.
F0096,U130,2026-06-21 00:59:00,Report,3,Bug,Neutral,Unexpected behavior.
F0097,U067,2026-06-02 04:03:00,Dashboard,3,Bug,Neutral,Unexpected behavior.
F0098,U122,2026-06-15 13:44:00,Dashboard,3,Slow,Neutral,Loading is slow.
F0099,U022,2026-06-26 15:24:00,Chat,4,UI,Positive,Easy to use.
F0100,U172,2026-06-30 11:44:00,Search,5,Positive,Positive,Works great.
F0101,U070,2026-06-27 20:54:00,Search,5,Positive,Positive,Works great.
F0102,U144,2026-06-20 06:32:00,Report,3,Bug,Neutral,Unexpected behavior.
F0103,U171,2026-06-22 17:09:00,Report,3,Timeout,Neutral,Report timed out.
F0104,U091,2026-06-27 19:10:00,Chat,3,Accuracy,Neutral,Answers are inaccurate.
F0105,U109,2026-06-27 10:34:00,Search,5,Positive,Positive,Works great.
F0106,U142,2026-06-23 11:58:00,Search,5,Positive,Positive,Works great.
F0107,U143,2026-06-26 04:15:00,Chat,3,Accuracy,Neutral,Answers are inaccurate.
F0108,U028,2026-06-17 02:42:00,Search,5,UI,Positive,Easy to use.
F0109,U102,2026-06-30 04:20:00,Report,4,Bug,Positive,Unexpected behavior.
F0110,U108,2026-06-28 12:32:00,Search,4,UI,Positive,Easy to use.
F0111,U185,2026-06-12 07:35:00,Chat,3,Accuracy,Neutral,Answers are inaccurate.
F0112,U069,2026-06-02 03:59:00,Search,4,UI,Positive,Easy to use.
F0113,U087,2026-06-26 12:34:00,Dashboard,3,Slow,Neutral,Loading is slow.
F0114,U149,2026-06-17 04:22:00,Search,5,Positive,Positive,Works great.
F0115,U001,2026-06-06 16:35:00,Chat,3,UI,Neutral,Easy to use.
F0116,U069,2026-06-11 02:29:00,Dashboard,3,Slow,Neutral,Loading is slow.
F0117,U036,2026-06-20 20:07:00,Dashboard,2,Slow,Negative,Loading is slow.
F0118,U039,2026-06-22 19:46:00,Export,5,Feature Request,Positive,Please add more options.
F0119,U160,2026-06-02 00:05:00,Export,4,Feature Request,Positive,Please add more options.
F0120,U055,2026-06-04 08:40:00,Report,3,Timeout,Neutral,Report timed out.
F0121,U092,2026-06-12 07:11:00,Export,4,UI,Positive,Easy to use.
F0122,U042,2026-06-30 03:09:00,Chat,3,UI,Neutral,Easy to use.
F0123,U122,2026-06-10 17:01:00,Export,5,UI,Positive,Easy to use.
F0124,U048,2026-06-16 13:15:00,Chat,3,UI,Neutral,Easy to use.
F0125,U025,2026-06-24 06:11:00,Export,5,UI,Positive,Easy to use.
F0126,U043,2026-06-01 23:57:00,Dashboard,3,UI,Neutral,Easy to use.
F0127,U032,2026-06-12 22:22:00,Dashboard,3,Bug,Neutral,Unexpected behavior.
F0128,U009,2026-06-30 14:17:00,Chat,3,Accuracy,Neutral,Answers are inaccurate.
F0129,U103,2026-06-19 22:48:00,Report,3,Bug,Neutral,Unexpected behavior.
F0130,U192,2026-06-23 00:55:00,Report,4,Bug,Positive,Unexpected behavior.
F0131,U193,2026-06-27 02:07:00,Search,4,Positive,Positive,Works great.
F0132,U187,2026-06-25 14:57:00,Dashboard,2,Slow,Negative,Loading is slow.
F0133,U021,2026-06-13 08:32:00,Search,5,Positive,Positive,Works great.
F0134,U058,2026-06-05 18:14:00,Dashboard,3,Slow,Neutral,Loading is slow.
F0135,U140,2026-06-13 01:28:00,Report,4,Bug,Positive,Unexpected behavior.
F0136,U064,2026-06-29 02:22:00,Dashboard,2,Slow,Negative,Loading is slow.
F0137,U130,2026-06-15 04:22:00,Chat,3,Accuracy,Neutral,Answers are inaccurate.
F0138,U084,2026-06-05 02:37:00,Dashboard,2,Slow,Negative,Loading is slow.
F0139,U032,2026-06-06 00:51:00,Dashboard,3,Slow,Neutral,Loading is slow.
F0140,U015,2026-06-09 05:14:00,Chat,4,Slow,Positive,Loading is slow.
F0141,U178,2026-06-18 08:41:00,Report,4,Slow,Positive,Loading is slow.
F0142,U021,2026-06-22 14:15:00,Search,5,Positive,Positive,Works great.
F0143,U102,2026-06-26 06:28:00,Dashboard,3,UI,Neutral,Easy to use.
F0144,U182,2026-06-19 16:41:00,Search,5,Positive,Positive,Works great.
F0145,U015,2026-06-28 06:48:00,Chat,3,Accuracy,Neutral,Answers are inaccurate.
F0146,U153,2026-06-02 03:03:00,Dashboard,3,Slow,Neutral,Loading is slow.
F0147,U065,2026-06-27 09:54:00,Chat,4,Accuracy,Positive,Answers are inaccurate.
F0148,U097,2026-06-18 03:03:00,Search,4,Positive,Positive,Works great.
F0149,U112,2026-06-28 21:59:00,Chat,4,Accuracy,Positive,Answers are inaccurate.
F0150,U112,2026-06-15 21:02:00,Dashboard,2,Slow,Negative,Loading is slow.
F0151,U094,2026-06-20 06:40:00,Search,5,Positive,Positive,Works great.
F0152,U008,2026-06-25 11:06:00,Dashboard,2,Slow,Negative,Loading is slow.
F0153,U050,2026-06-11 01:05:00,Chat,3,Slow,Neutral,Loading is slow.
F0154,U109,2026-06-02 07:33:00,Report,4,Slow,Positive,Loading is slow.
F0155,U034,2026-06-18 08:26:00,Search,4,Feature Request,Positive,Please add more options.
F0156,U087,2026-06-20 01:22:00,Report,4,Timeout,Positive,Report timed out.
F0157,U089,2026-06-28 16:21:00,Chat,3,Accuracy,Neutral,Answers are inaccurate.
F0158,U042,2026-06-20 08:45:00,Search,5,Positive,Positive,Works great.
F0159,U110,2026-06-21 13:37:00,Report,3,Timeout,Neutral,Report timed out.
F0160,U122,2026-06-30 21:13:00,Export,5,Feature Request,Positive,Please add more options.
F0161,U027,2026-06-02 06:18:00,Dashboard,3,Slow,Neutral,Loading is slow.
F0162,U024,2026-06-05 13:08:00,Search,5,Positive,Positive,Works great.
F0163,U133,2026-06-25 06:37:00,Dashboard,2,Bug,Negative,Unexpected behavior.
F0164,U195,2026-06-01 06:41:00,Chat,3,UI,Neutral,Easy to use.
F0165,U124,2026-06-19 00:37:00,Report,4,Bug,Positive,Unexpected behavior.
F0166,U051,2026-06-06 19:38:00,Chat,4,UI,Positive,Easy to use.
F0167,U004,2026-06-21 05:03:00,Report,2,Timeout,Negative,Report timed out.
F0168,U184,2026-06-07 03:21:00,Report,3,Timeout,Neutral,Report timed out.
F0169,U038,2026-06-04 11:09:00,Dashboard,3,Slow,Neutral,Loading is slow.
F0170,U053,2026-06-03 10:24:00,Chat,4,UI,Positive,Easy to use.
F0171,U111,2026-06-11 09:00:00,Dashboard,3,Slow,Neutral,Loading is slow.
F0172,U193,2026-06-18 13:28:00,Dashboard,2,Slow,Negative,Loading is slow.
F0173,U095,2026-06-08 16:22:00,Dashboard,2,Slow,Negative,Loading is slow.
F0174,U033,2026-06-15 02:20:00,Export,5,UI,Positive,Easy to use.
F0175,U093,2026-06-12 12:34:00,Search,5,Positive,Positive,Works great.
F0176,U013,2026-06-13 05:06:00,Report,3,Slow,Neutral,Loading is slow.
F0177,U167,2026-06-13 23:31:00,Search,5,Feature Request,Positive,Please add more options.
F0178,U020,2026-06-09 22:58:00,Dashboard,4,UI,Positive,Easy to use.
F0179,U074,2026-06-21 08:44:00,Search,5,Feature Request,Positive,Please add more options.
F0180,U175,2026-06-23 08:34:00,Chat,4,Accuracy,Positive,Answers are inaccurate.
F0181,U196,2026-06-19 02:52:00,Report,4,Slow,Positive,Loading is slow.
F0182,U165,2026-06-30 08:34:00,Search,5,UI,Positive,Easy to use.
F0183,U138,2026-06-26 06:18:00,Chat,4,Accuracy,Positive,Answers are inaccurate.
F0184,U122,2026-06-04 07:29:00,Dashboard,3,Slow,Neutral,Loading is slow.
F0185,U156,2026-06-04 01:28:00,Dashboard,2,Slow,Negative,Loading is slow.
F0186,U066,2026-06-02 21:33:00,Report,3,Slow,Neutral,Loading is slow.
F0187,U084,2026-06-11 10:43:00,Dashboard,3,Slow,Neutral,Loading is slow.
F0188,U069,2026-06-07 14:11:00,Chat,4,Accuracy,Positive,Answers are inaccurate.
F0189,U010,2026-06-01 12:54:00,Chat,4,Accuracy,Positive,Answers are inaccurate.
F0190,U190,2026-06-29 20:54:00,Report,2,Slow,Negative,Loading is slow.
F0191,U074,2026-06-23 23:45:00,Search,5,Positive,Positive,Works great.
F0192,U089,2026-06-20 08:11:00,Dashboard,2,Slow,Negative,Loading is slow.
F0193,U067,2026-06-17 08:37:00,Export,5,Feature Request,Positive,Please add more options.
F0194,U054,2026-06-25 04:47:00,Search,5,Positive,Positive,Works great.
F0195,U056,2026-06-29 04:42:00,Report,3,Slow,Neutral,Loading is slow.
F0196,U004,2026-06-05 21:02:00,Dashboard,2,UI,Negative,Easy to use.
F0197,U062,2026-06-15 14:04:00,Chat,4,Slow,Positive,Loading is slow.
F0198,U117,2026-06-25 10:08:00,Chat,3,Accuracy,Neutral,Answers are inaccurate.
F0199,U146,2026-06-29 07:29:00,Export,5,Feature Request,Positive,Please add more options.
F0200,U132,2026-06-25 00:22:00,Chat,3,UI,Neutral,Easy to use.
F0201,U081,2026-06-14 22:18:00,Report,3,Slow,Neutral,Loading is slow.
F0202,U027,2026-06-22 19:34:00,Dashboard,2,UI,Negative,Easy to use.
F0203,U023,2026-06-02 15:47:00,Search,5,Positive,Positive,Works great.
F0204,U192,2026-06-25 14:18:00,Report,4,Slow,Positive,Loading is slow.
F0205,U143,2026-06-10 06:31:00,Export,5,Feature Request,Positive,Please add more options.
F0206,U134,2026-06-08 09:44:00,Chat,4,Accuracy,Positive,Answers are inaccurate.
F0207,U169,2026-06-30 09:40:00,Search,5,Positive,Positive,Works great.
F0208,U146,2026-06-08 03:36:00,Dashboard,4,Slow,Positive,Loading is slow.
F0209,U143,2026-06-27 07:24:00,Search,5,Positive,Positive,Works great.
F0210,U012,2026-06-06 12:18:00,Report,2,Timeout,Negative,Report timed out.
F0211,U017,2026-06-01 17:46:00,Report,3,Timeout,Neutral,Report timed out.
F0212,U098,2026-06-20 18:00:00,Chat,5,Accuracy,Positive,Answers are inaccurate.
F0213,U174,2026-06-26 09:36:00,Search,4,Feature Request,Positive,Please add more options.
F0214,U141,2026-06-01 12:14:00,Dashboard,3,Slow,Neutral,Loading is slow.
F0215,U016,2026-06-14 03:24:00,Search,4,Positive,Positive,Works great.
F0216,U075,2026-06-26 04:03:00,Report,4,Timeout,Positive,Report timed out.
F0217,U194,2026-06-24 05:25:00,Report,3,Bug,Neutral,Unexpected behavior.
F0218,U193,2026-06-20 03:59:00,Search,5,Positive,Positive,Works great.
F0219,U151,2026-06-19 14:22:00,Chat,4,Accuracy,Positive,Answers are inaccurate.
F0220,U009,2026-06-05 10:40:00,Dashboard,3,Slow,Neutral,Loading is slow.
F0221,U047,2026-06-19 09:34:00,Search,5,UI,Positive,Easy to use.
F0222,U085,2026-06-13 16:41:00,Search,5,Feature Request,Positive,Please add more options.
F0223,U177,2026-06-01 21:20:00,Export,4,Feature Request,Positive,Please add more options.
F0224,U109,2026-06-18 17:54:00,Search,5,Positive,Positive,Works great.
F0225,U077,2026-06-17 21:11:00,Search,5,Positive,Positive,Works great.
F0226,U073,2026-06-11 05:32:00,Report,3,Slow,Neutral,Loading is slow.
F0227,U069,2026-06-27 22:03:00,Search,4,Positive,Positive,Works great.
F0228,U158,2026-06-24 19:01:00,Report,4,Bug,Positive,Unexpected behavior.
F0229,U052,2026-06-25 22:49:00,Search,5,UI,Positive,Easy to use.
F0230,U186,2026-06-25 07:35:00,Search,4,Positive,Positive,Works great.
F0231,U136,2026-06-01 16:50:00,Chat,4,Slow,Positive,Loading is slow.
F0232,U134,2026-06-26 06:40:00,Search,5,Positive,Positive,Works great.
F0233,U125,2026-06-30 03:58:00,Report,2,Bug,Negative,Unexpected behavior.
F0234,U095,2026-06-02 09:27:00,Report,4,Timeout,Positive,Report timed out.
F0235,U117,2026-06-26 21:52:00,Report,3,Bug,Neutral,Unexpected behavior.
F0236,U061,2026-06-28 01:34:00,Report,4,Timeout,Positive,Report timed out.
F0237,U117,2026-06-17 07:35:00,Search,5,Feature Request,Positive,Please add more options.
F0238,U144,2026-06-27 06:34:00,Report,4,Bug,Positive,Unexpected behavior.
F0239,U002,2026-06-26 04:20:00,Report,5,Timeout,Positive,Report timed out.
F0240,U095,2026-06-27 00:22:00,Chat,4,UI,Positive,Easy to use.
F0241,U081,2026-06-24 05:35:00,Report,3,Slow,Neutral,Loading is slow.
F0242,U125,2026-06-21 23:03:00,Export,4,UI,Positive,Easy to use.
F0243,U099,2026-06-14 12:10:00,Dashboard,3,UI,Neutral,Easy to use.
F0244,U139,2026-06-05 09:28:00,Chat,3,Slow,Neutral,Loading is slow.
F0245,U183,2026-06-28 16:42:00,Chat,3,UI,Neutral,Easy to use.
F0246,U069,2026-06-20 19:56:00,Chat,3,UI,Neutral,Easy to use.
F0247,U020,2026-06-27 17:51:00,Search,5,Positive,Positive,Works great.
F0248,U185,2026-06-13 00:43:00,Dashboard,3,UI,Neutral,Easy to use.
F0249,U175,2026-06-16 18:35:00,Chat,4,Accuracy,Positive,Answers are inaccurate.
F0250,U082,2026-06-03 01:33:00,Search,5,Positive,Positive,Works great.
F0251,U094,2026-06-06 17:59:00,Dashboard,3,Slow,Neutral,Loading is slow.
F0252,U005,2026-06-27 03:31:00,Dashboard,3,Slow,Neutral,Loading is slow.
F0253,U105,2026-06-16 13:44:00,Report,3,Timeout,Neutral,Report timed out.
F0254,U055,2026-06-08 19:31:00,Search,4,Positive,Positive,Works great.
F0255,U042,2026-06-23 21:31:00,Report,4,Timeout,Positive,Report timed out.
F0256,U002,2026-06-13 17:49:00,Report,2,Bug,Negative,Unexpected behavior.
F0257,U047,2026-06-24 12:23:00,Search,4,Positive,Positive,Works great.
F0258,U062,2026-06-21 14:23:00,Search,4,Positive,Positive,Works great.
F0259,U198,2026-06-25 16:16:00,Search,5,Feature Request,Positive,Please add more options.
F0260,U090,2026-06-03 16:21:00,Dashboard,3,Slow,Neutral,Loading is slow.
F0261,U148,2026-06-06 06:53:00,Report,3,Bug,Neutral,Unexpected behavior.
F0262,U119,2026-06-09 02:25:00,Dashboard,3,Slow,Neutral,Loading is slow.
F0263,U110,2026-06-09 11:05:00,Report,3,Timeout,Neutral,Report timed out.
F0264,U059,2026-06-17 12:11:00,Search,5,Feature Request,Positive,Please add more options.
F0265,U052,2026-06-07 04:43:00,Report,2,Slow,Negative,Loading is slow.
F0266,U152,2026-06-20 13:52:00,Search,5,Positive,Positive,Works great.
F0267,U023,2026-06-30 17:57:00,Dashboard,3,Slow,Neutral,Loading is slow.
F0268,U144,2026-06-15 05:04:00,Report,3,Bug,Neutral,Unexpected behavior.
F0269,U134,2026-06-26 19:50:00,Chat,4,Slow,Positive,Loading is slow.
F0270,U055,2026-06-27 01:57:00,Dashboard,4,Slow,Positive,Loading is slow.
F0271,U197,2026-06-22 11:47:00,Report,4,Bug,Positive,Unexpected behavior.
F0272,U160,2026-06-05 00:13:00,Search,5,Feature Request,Positive,Please add more options.
F0273,U138,2026-06-15 03:32:00,Report,4,Bug,Positive,Unexpected behavior.
F0274,U010,2026-06-04 05:14:00,Search,5,Feature Request,Positive,Please add more options.
F0275,U104,2026-06-28 19:07:00,Search,4,Positive,Positive,Works great.
F0276,U076,2026-06-22 07:28:00,Search,5,Positive,Positive,Works great.
F0277,U135,2026-06-12 15:39:00,Search,5,Feature Request,Positive,Please add more options.
F0278,U039,2026-06-16 08:31:00,Chat,3,UI,Neutral,Easy to use.
F0279,U010,2026-06-20 19:35:00,Dashboard,4,Slow,Positive,Loading is slow.
F0280,U141,2026-06-27 18:33:00,Chat,2,Accuracy,Negative,Answers are inaccurate.
F0281,U129,2026-06-25 15:56:00,Search,5,UI,Positive,Easy to use.
F0282,U082,2026-06-09 01:11:00,Search,5,Positive,Positive,Works great.
F0283,U104,2026-06-14 13:24:00,Report,4,Timeout,Positive,Report timed out.
F0284,U086,2026-06-16 01:22:00,Report,3,Bug,Neutral,Unexpected behavior.
F0285,U093,2026-06-18 21:46:00,Search,5,Feature Request,Positive,Please add more options.
F0286,U094,2026-06-04 15:26:00,Dashboard,2,Slow,Negative,Loading is slow.
F0287,U153,2026-06-01 10:37:00,Export,5,UI,Positive,Easy to use.
F0288,U028,2026-06-15 18:29:00,Search,5,Feature Request,Positive,Please add more options.
F0289,U027,2026-06-28 07:27:00,Search,5,UI,Positive,Easy to use.
F0290,U026,2026-06-04 19:01:00,Report,3,Timeout,Neutral,Report timed out.
F0291,U037,2026-06-01 20:51:00,Dashboard,2,Slow,Negative,Loading is slow.
F0292,U175,2026-06-21 06:15:00,Dashboard,3,Slow,Neutral,Loading is slow.
F0293,U184,2026-06-19 11:35:00,Dashboard,3,Slow,Neutral,Loading is slow.
F0294,U069,2026-06-15 08:12:00,Chat,4,UI,Positive,Easy to use.
F0295,U171,2026-06-04 18:19:00,Chat,4,Accuracy,Positive,Answers are inaccurate.
F0296,U145,2026-06-15 06:41:00,Search,5,Positive,Positive,Works great.
F0297,U021,2026-06-03 07:27:00,Dashboard,4,Bug,Positive,Unexpected behavior.
F0298,U089,2026-06-09 07:59:00,Dashboard,3,Slow,Neutral,Loading is slow.
F0299,U009,2026-06-16 11:08:00,Export,4,Feature Request,Positive,Please add more options.
F0300,U026,2026-06-23 09:44:00,Dashboard,3,Slow,Neutral,Loading is slow.
